Page_Name,Album_Name,Album_Dir,Album_URL
page_1,album_1,gallery/page_1/album_1,https://www.facebook.com/media/set/?set=a.2726721650687817&type=3
page_1,album_2,gallery/page_1/album_2,https://www.facebook.com/media/set/?set=a.1152521608107837&type=3
page_1,album_3,gallery/page_1/album_3,https://www.facebook.com/media/set/?set=a.5908947489131868&type=3
page_1,album_4,gallery/page_1/album_4,https://www.facebook.com/media/set/?set=a.1341259162567413&type=3
page_1,album_5,gallery/page_1/album_5,https://www.facebook.com/media/set/?set=a.1111106492249349&type=3
page_1,album_6,gallery/page_1/album_6,https://www.facebook.com/media/set/?set=a.631790598976308&type=3
page_1,album_7,gallery/page_1/album_7,https://www.facebook.com/media/set/?set=a.2203142919712362&type=3
page_1,album_8,gallery/page_1/album_8,https://www.facebook.com/media/set/?set=a.597960233563980&type=3
page_1,album_9,gallery/page_1/album_9,https://www.facebook.com/media/set/?set=a.1049059670582730&type=3
page_1,album_10,gallery/page_1/album_10,https://www.facebook.com/media/set/?set=a.1214380128588651&type=3
page_1,album_11,gallery/page_1/album_11,https://www.facebook.com/media/set/?set=a.989058499916181&type=3
page_1,album_12,gallery/page_1/album_12,https://www.facebook.com/media/set/?set=a.823910569764309&type=3
page_1,album_13,gallery/page_1/album_13,https://www.facebook.com/media/set/?set=a.1479849088708419&type=3
page_1,album_14,gallery/page_1/album_14,https://www.facebook.com/media/set/?set=a.702106665278034&type=3
page_1,album_15,gallery/page_1/album_15,https://www.facebook.com/media/set/?set=a.459914026163967&type=3
page_1,album_16,gallery/page_1/album_16,https://www.facebook.com/media/set/?set=a.2723779630982019&type=3
page_1,album_17,gallery/page_1/album_17,https://www.facebook.com/media/set/?set=a.2403104303049555&type=3
page_1,album_18,gallery/page_1/album_18,https://www.facebook.com/media/set/?set=a.1915516505141673&type=3
page_1,album_19,gallery/page_1/album_19,https://www.facebook.com/media/set/?set=a.587440260078009&type=3
page_1,album_20,gallery/page_1/album_20,https://www.facebook.com/media/set/?set=a.631689345653100&type=3
page_1,album_21,gallery/page_1/album_21,https://www.facebook.com/media/set/?set=a.685155456973155&type=3
page_1,album_22,gallery/page_1/album_22,https://www.facebook.com/photo/?fbid=911927207629311&set=a.459338526221517&__tn__=%3C
page_1,album_23,gallery/page_1/album_23,https://www.facebook.com/media/set/?set=a.3109041605789151&type=3
page_1,album_24,gallery/page_1/album_24,https://www.facebook.com/media/set/?set=a.1720790781280914&type=3
page_1,album_25,gallery/page_1/album_25,https://www.facebook.com/media/set/?set=a.1203304819696182&type=3
page_1,album_26,gallery/page_1/album_26,https://www.facebook.com/media/set/?set=a.1468786399814688&type=3
page_1,album_27,gallery/page_1/album_27,https://www.facebook.com/media/set/?set=a.2417310401628945&type=3
page_1,album_28,gallery/page_1/album_28,https://www.facebook.com/media/set/?set=a.1339895626037100&type=3
page_1,album_29,gallery/page_1/album_29,https://www.facebook.com/media/set/?set=a.1205369032823094&type=3
page_1,album_30,gallery/page_1/album_30,https://www.facebook.com/media/set/?set=a.459338526221517&type=3
page_1,album_31,gallery/page_1/album_31,https://www.facebook.com/media/set/?set=a.1722023487824310&type=3
page_1,album_32,gallery/page_1/album_32,https://www.facebook.com/media/set/?set=a.1063387029149994&type=3
page_1,album_33,gallery/page_1/album_33,https://www.facebook.com/photo/?fbid=911927420962623&set=a.459338522888184
page_1,album_34,gallery/page_1/album_34,https://www.facebook.com/media/set/?set=a.1343455205681142&type=3
page_1,album_35,gallery/page_1/album_35,https://www.facebook.com/media/set/?set=a.1330391380320858&type=3
page_1,album_36,gallery/page_1/album_36,https://www.facebook.com/media/set/?set=a.5908947592465191&type=3
page_1,album_37,gallery/page_1/album_37,https://www.facebook.com/media/set/?set=a.1274518422574821&type=3
page_1,album_38,gallery/page_1/album_38,https://www.facebook.com/media/set/?set=a.608174924671209&type=3
page_1,album_39,gallery/page_1/album_39,https://www.facebook.com/media/set/?set=a.459338522888184&type=3
page_1,album_40,gallery/page_1/album_40,https://www.facebook.com/media/set/?set=a.1152501311443200&type=3
page_1,album_41,gallery/page_1/album_41,https://www.facebook.com/media/set/?set=a.2736367689723213&type=3
page_1,album_42,gallery/page_1/album_42,https://www.facebook.com/media/set/?set=a.823902359765130&type=3
page_1,album_43,gallery/page_1/album_43,https://www.facebook.com/media/set/?set=a.475939599099378&type=3
page_1,album_44,gallery/page_1/album_44,https://www.facebook.com/media/set/?set=a.1341173455909317&type=3
page_1,album_45,gallery/page_1/album_45,https://www.facebook.com/media/set/?set=a.1219672704726060&type=3
page_1,album_46,gallery/page_1/album_46,https://www.facebook.com/media/set/?set=a.1334553513237978&type=3
page_1,album_47,gallery/page_1/album_47,https://www.facebook.com/media/set/?set=a.718478686974165&type=3
page_1,album_48,gallery/page_1/album_48,https://www.facebook.com/media/set/?set=a.2943295795697067&type=3
page_1,album_49,gallery/page_1/album_49,https://www.facebook.com/usjr.ec/photos_albums
page_2,album_1,gallery/page_2/album_1,https://www.facebook.com/media/set/?set=a.1482639710538516&type=3
page_2,album_2,gallery/page_2/album_2,https://www.facebook.com/media/set/?set=a.10151626560144599&type=3
page_2,album_3,gallery/page_2/album_3,https://www.facebook.com/media/set/?set=a.468772994598&type=3
page_2,album_4,gallery/page_2/album_4,https://www.facebook.com/media/set/?set=a.10153017049429599&type=3
page_2,album_5,gallery/page_2/album_5,https://www.facebook.com/media/set/?set=a.210765197725980&type=3
page_2,album_6,gallery/page_2/album_6,https://www.facebook.com/media/set/?set=a.10156394614479599&type=3
page_2,album_7,gallery/page_2/album_7,https://www.facebook.com/media/set/?set=a.10155267632549599&type=3
page_2,album_8,gallery/page_2/album_8,https://www.facebook.com/media/set/?set=a.10154568910189599&type=3
page_2,album_9,gallery/page_2/album_9,https://www.facebook.com/media/set/?set=a.10151922278869599&type=3
page_2,album_10,gallery/page_2/album_10,https://www.facebook.com/media/set/?set=a.1030419319093893&type=3
page_2,album_11,gallery/page_2/album_11,https://www.facebook.com/media/set/?set=a.745120694290425&type=3
page_2,album_12,gallery/page_2/album_12,https://www.facebook.com/media/set/?set=a.10155102043209599&type=3
page_2,album_13,gallery/page_2/album_13,https://www.facebook.com/media/set/?set=a.424155949598&type=3
page_2,album_14,gallery/page_2/album_14,https://www.facebook.com/media/set/?set=a.10151078962164599&type=3
page_2,album_15,gallery/page_2/album_15,https://www.facebook.com/media/set/?set=a.10151274801444599&type=3
page_2,album_16,gallery/page_2/album_16,https://www.facebook.com/media/set/?set=a.10150614595934599&type=3
page_2,album_17,gallery/page_2/album_17,https://www.facebook.com/media/set/?set=a.10150280861979599&type=3
page_2,album_18,gallery/page_2/album_18,https://www.facebook.com/media/set/?set=a.871549511647542&type=3
page_2,album_19,gallery/page_2/album_19,https://www.facebook.com/media/set/?set=a.10152966730409599&type=3
page_2,album_20,gallery/page_2/album_20,https://www.facebook.com/media/set/?set=a.10155965889534599&type=3
page_2,album_21,gallery/page_2/album_21,https://www.facebook.com/media/set/?set=a.10150284882619599&type=3
page_2,album_22,gallery/page_2/album_22,https://www.facebook.com/media/set/?set=a.424155284598&type=3
page_2,album_23,gallery/page_2/album_23,https://www.facebook.com/media/set/?set=a.10150561383849599&type=3
page_2,album_24,gallery/page_2/album_24,https://www.facebook.com/media/set/?set=a.10151922284034599&type=3
page_2,album_25,gallery/page_2/album_25,https://www.facebook.com/media/set/?set=a.10151497092829599&type=3
page_2,album_26,gallery/page_2/album_26,https://www.facebook.com/media/set/?set=a.10150093888409599&type=3
page_2,album_27,gallery/page_2/album_27,https://www.facebook.com/media/set/?set=a.424158844598&type=3
page_2,album_28,gallery/page_2/album_28,https://www.facebook.com/media/set/?set=a.570284265107403&type=3
page_2,album_29,gallery/page_2/album_29,https://www.facebook.com/media/set/?set=a.10151922366249599&type=3
page_2,album_30,gallery/page_2/album_30,https://www.facebook.com/media/set/?set=a.10151081907894599&type=3
page_2,album_31,gallery/page_2/album_31,https://www.facebook.com/media/set/?set=a.10154306424079599&type=3
page_2,album_32,gallery/page_2/album_32,https://www.facebook.com/media/set/?set=a.10151922295999599&type=3
page_2,album_33,gallery/page_2/album_33,https://www.facebook.com/media/set/?set=a.10156097587294599&type=3
page_2,album_34,gallery/page_2/album_34,https://www.facebook.com/media/set/?set=a.10152460793419599&type=3
page_2,album_35,gallery/page_2/album_35,https://www.facebook.com/media/set/?set=a.883346827134477&type=3
page_2,album_36,gallery/page_2/album_36,https://www.facebook.com/media/set/?set=a.10155267666124599&type=3
page_2,album_37,gallery/page_2/album_37,https://www.facebook.com/media/set/?set=a.10151497106169599&type=3
page_2,album_38,gallery/page_2/album_38,https://www.facebook.com/media/set/?set=a.10154818500694599&type=3
page_2,album_39,gallery/page_2/album_39,https://www.facebook.com/media/set/?set=a.10151078970799599&type=3
page_2,album_40,gallery/page_2/album_40,https://www.facebook.com/media/set/?set=a.10150519692514599&type=3
page_2,album_41,gallery/page_2/album_41,https://www.facebook.com/media/set/?set=a.10150107938144599&type=3
page_2,album_42,gallery/page_2/album_42,https://www.facebook.com/media/set/?set=a.10155965993319599&type=3
page_2,album_43,gallery/page_2/album_43,https://www.facebook.com/media/set/?set=a.748082013994293&type=3
page_2,album_44,gallery/page_2/album_44,https://www.facebook.com/media/set/?set=a.10150091010529599&type=3
page_2,album_45,gallery/page_2/album_45,https://www.facebook.com/media/set/?set=a.10154453561714599&type=3
page_2,album_46,gallery/page_2/album_46,https://www.facebook.com/media/set/?set=a.10154760719079599&type=3
page_2,album_47,gallery/page_2/album_47,https://www.facebook.com/media/set/?set=a.10153673089154599&type=3
page_2,album_48,gallery/page_2/album_48,https://www.facebook.com/media/set/?set=a.10151274902824599&type=3
page_2,album_49,gallery/page_2/album_49,https://www.facebook.com/media/set/?set=a.10151922338009599&type=3
page_2,album_50,gallery/page_2/album_50,https://www.facebook.com/media/set/?set=a.10150280838004599&type=3
page_2,album_51,gallery/page_2/album_51,https://www.facebook.com/photo/?fbid=1283224100480079&set=a.210765191059314
page_2,album_52,gallery/page_2/album_52,https://www.facebook.com/media/set/?set=a.210765191059314&type=3
page_2,album_53,gallery/page_2/album_53,https://www.facebook.com/media/set/?set=a.10156506729839599&type=3
page_2,album_54,gallery/page_2/album_54,https://www.facebook.com/media/set/?set=a.777864044349423&type=3
page_2,album_55,gallery/page_2/album_55,https://www.facebook.com/media/set/?set=a.10151078879099599&type=3
page_2,album_56,gallery/page_2/album_56,https://www.facebook.com/media/set/?set=a.10150504048834599&type=3
page_2,album_57,gallery/page_2/album_57,https://www.facebook.com/media/set/?set=a.10154697020809599&type=3
page_2,album_58,gallery/page_2/album_58,https://www.facebook.com/media/set/?set=a.10150090998634599&type=3
page_2,album_59,gallery/page_2/album_59,https://www.facebook.com/media/set/?set=a.427215289598&type=3
page_2,album_60,gallery/page_2/album_60,https://www.facebook.com/media/set/?set=a.10151274780374599&type=3
page_2,album_61,gallery/page_2/album_61,https://www.facebook.com/media/set/?set=a.10150279667199599&type=3
page_2,album_62,gallery/page_2/album_62,https://www.facebook.com/media/set/?set=a.10154091555234599&type=3
page_2,album_63,gallery/page_2/album_63,https://www.facebook.com/media/set/?set=a.424157029598&type=3
page_2,album_64,gallery/page_2/album_64,https://www.facebook.com/media/set/?set=a.845783027557524&type=3
page_2,album_65,gallery/page_2/album_65,https://www.facebook.com/media/set/?set=a.825494749586352&type=3
page_2,album_66,gallery/page_2/album_66,https://www.facebook.com/media/set/?set=a.10150551560259599&type=3
page_2,album_67,gallery/page_2/album_67,https://www.facebook.com/media/set/?set=a.10154697138794599&type=3
page_2,album_68,gallery/page_2/album_68,https://www.facebook.com/media/set/?set=a.10151078913239599&type=3
page_2,album_69,gallery/page_2/album_69,https://www.facebook.com/media/set/?set=a.980547087414450&type=3
page_2,album_70,gallery/page_2/album_70,https://www.facebook.com/media/set/?set=a.10155102051474599&type=3
page_2,album_71,gallery/page_2/album_71,https://www.facebook.com/media/set/?set=a.10150095816994599&type=3
page_2,album_72,gallery/page_2/album_72,https://www.facebook.com/photo/?fbid=1283220073813815&set=a.210765197725980&__tn__=%3C
page_2,album_73,gallery/page_2/album_73,https://www.facebook.com/media/set/?set=a.247283254074174&type=3
page_2,album_74,gallery/page_2/album_74,https://www.facebook.com/media/set/?set=a.10154784951634599&type=3
page_2,album_75,gallery/page_2/album_75,https://www.facebook.com/USJREMS/photos_albums
page_3,album_1,gallery/page_3/album_1,https://www.facebook.com/media/set/?set=a.237985205882933&type=3
page_3,album_2,gallery/page_3/album_2,https://www.facebook.com/media/set/?set=a.112034045144717&type=3
page_3,album_3,gallery/page_3/album_3,https://www.facebook.com/photo/?fbid=792278760453572&set=a.237985205882933
page_3,album_4,gallery/page_3/album_4,https://www.facebook.com/photo/?fbid=420275180987267&set=a.112034045144717&__tn__=%3C
page_3,album_5,gallery/page_3/album_5,https://www.facebook.com/psimusjr/photos_albums
page_4,album_1,gallery/page_4/album_1,https://www.facebook.com/media/set/?set=a.1083606175321957&type=3
page_4,album_2,gallery/page_4/album_2,https://www.facebook.com/media/set/?set=a.685311436725939&type=3
page_4,album_3,gallery/page_4/album_3,https://www.facebook.com/media/set/?set=a.559637104385536&type=3
page_4,album_4,gallery/page_4/album_4,https://www.facebook.com/media/set/?set=a.927353169188430&type=3
page_4,album_5,gallery/page_4/album_5,https://www.facebook.com/media/set/?set=a.721180136472402&type=3
page_4,album_6,gallery/page_4/album_6,https://www.facebook.com/media/set/?set=a.823948321287745&type=3
page_4,album_7,gallery/page_4/album_7,https://www.facebook.com/media/set/?set=a.559641531051760&type=3
page_4,album_8,gallery/page_4/album_8,https://www.facebook.com/media/set/?set=a.476362436046337&type=3
page_4,album_9,gallery/page_4/album_9,https://www.facebook.com/photo/?fbid=984591350131278&set=a.532932268630524&__tn__=%3C
page_4,album_10,gallery/page_4/album_10,https://www.facebook.com/media/set/?set=a.496053607410553&type=3
page_4,album_11,gallery/page_4/album_11,https://www.facebook.com/media/set/?set=a.472287126453868&type=3
page_4,album_12,gallery/page_4/album_12,https://www.facebook.com/media/set/?set=a.486016635080917&type=3
page_4,album_13,gallery/page_4/album_13,https://www.facebook.com/media/set/?set=a.1056324042958008&type=3
page_4,album_14,gallery/page_4/album_14,https://www.facebook.com/media/set/?set=a.708847726131139&type=3
page_4,album_15,gallery/page_4/album_15,https://www.facebook.com/media/set/?set=a.1051644813425931&type=3
page_4,album_16,gallery/page_4/album_16,https://www.facebook.com/media/set/?set=a.468497053499542&type=3
page_4,album_17,gallery/page_4/album_17,https://www.facebook.com/media/set/?set=a.886824806574600&type=3
page_4,album_18,gallery/page_4/album_18,https://www.facebook.com/media/set/?set=a.823945397954704&type=3
page_4,album_19,gallery/page_4/album_19,https://www.facebook.com/media/set/?set=a.900192583663318&type=3
page_4,album_20,gallery/page_4/album_20,https://www.facebook.com/media/set/?set=a.672021266480452&type=3
page_4,album_21,gallery/page_4/album_21,https://www.facebook.com/media/set/?set=a.687413176515765&type=3
page_4,album_22,gallery/page_4/album_22,https://www.facebook.com/media/set/?set=a.532932268630524&type=3
page_4,album_23,gallery/page_4/album_23,https://www.facebook.com/media/set/?set=a.687208426536240&type=3
page_4,album_24,gallery/page_4/album_24,https://www.facebook.com/media/set/?set=a.450546908627890&type=3
page_4,album_25,gallery/page_4/album_25,https://www.facebook.com/media/set/?set=a.923059794709930&type=3
page_4,album_26,gallery/page_4/album_26,https://www.facebook.com/media/set/?set=a.885724633351284&type=3
page_4,album_27,gallery/page_4/album_27,https://www.facebook.com/media/set/?set=a.785577273366021&type=3
page_4,album_28,gallery/page_4/album_28,https://www.facebook.com/media/set/?set=a.674441496238429&type=3
page_4,album_29,gallery/page_4/album_29,https://www.facebook.com/media/set/?set=a.916157075400202&type=3
page_4,album_30,gallery/page_4/album_30,https://www.facebook.com/media/set/?set=a.532932275297190&type=3
page_4,album_31,gallery/page_4/album_31,https://www.facebook.com/media/set/?set=a.891657762757971&type=3
page_4,album_32,gallery/page_4/album_32,https://www.facebook.com/media/set/?set=a.1112509679098273&type=3
page_4,album_33,gallery/page_4/album_33,https://www.facebook.com/media/set/?set=a.1068905138366565&type=3
page_4,album_34,gallery/page_4/album_34,https://www.facebook.com/photo/?fbid=1336416014948808&set=a.532932275297190
page_4,album_35,gallery/page_4/album_35,https://www.facebook.com/media/set/?set=a.570661926616387&type=3
page_4,album_36,gallery/page_4/album_36,https://www.facebook.com/media/set/?set=a.787484824934095&type=3
page_4,album_37,gallery/page_4/album_37,https://www.facebook.com/media/set/?set=a.686076281741617&type=3
page_4,album_38,gallery/page_4/album_38,https://www.facebook.com/media/set/?set=a.885667611782482&type=3
page_4,album_39,gallery/page_4/album_39,https://www.facebook.com/media/set/?set=a.787129593210789&type=3
page_4,album_40,gallery/page_4/album_40,https://www.facebook.com/media/set/?set=a.995508655706214&type=3
page_4,album_41,gallery/page_4/album_41,https://www.facebook.com/piceusjrchptr/photos_albums
page_5,album_1,gallery/page_5/album_1,https://www.facebook.com/photo/?fbid=492738102873464&set=a.449313740549234&__tn__=%3C
page_5,album_2,gallery/page_5/album_2,https://www.facebook.com/media/set/?set=a.449313733882568&type=3
page_5,album_3,gallery/page_5/album_3,https://www.facebook.com/media/set/?set=a.496520789161862&type=3
page_5,album_4,gallery/page_5/album_4,https://www.facebook.com/media/set/?set=a.596230569190883&type=3
page_5,album_5,gallery/page_5/album_5,https://www.facebook.com/media/set/?set=a.149862241728195&type=3
page_5,album_6,gallery/page_5/album_6,https://www.facebook.com/media/set/?set=a.449313740549234&type=3
page_5,album_7,gallery/page_5/album_7,https://www.facebook.com/media/set/?set=a.140574115990341&type=3
page_5,album_8,gallery/page_5/album_8,https://www.facebook.com/media/set/?set=a.120253641355722&type=3
page_5,album_9,gallery/page_5/album_9,https://www.facebook.com/media/set/?set=a.120253338022419&type=3
page_5,album_10,gallery/page_5/album_10,https://www.facebook.com/media/set/?set=a.467929745354300&type=3
page_5,album_11,gallery/page_5/album_11,https://www.facebook.com/media/set/?set=a.534539762026631&type=3
page_5,album_12,gallery/page_5/album_12,https://www.facebook.com/media/set/?set=a.124368504277569&type=3
page_5,album_13,gallery/page_5/album_13,https://www.facebook.com/photo/?fbid=449313763882565&set=a.449313733882568
page_5,album_14,gallery/page_5/album_14,https://www.facebook.com/iiee.org/photos_albums
page_6,album_1,gallery/page_6/album_1,https://www.facebook.com/media/set/?set=a.1280330158791089&type=3
page_6,album_2,gallery/page_6/album_2,https://www.facebook.com/media/set/?set=a.692939140863530&type=3
page_6,album_3,gallery/page_6/album_3,https://www.facebook.com/media/set/?set=a.520581230175125&type=3
page_6,album_4,gallery/page_6/album_4,https://www.facebook.com/media/set/?set=a.692344274256350&type=3
page_6,album_5,gallery/page_6/album_5,https://www.facebook.com/media/set/?set=a.896099343880841&type=3
page_6,album_6,gallery/page_6/album_6,https://www.facebook.com/photo/?fbid=520581226841792&set=a.520581230175125
page_6,album_7,gallery/page_6/album_7,https://www.facebook.com/media/set/?set=a.705674666256644&type=3
page_6,album_8,gallery/page_6/album_8,https://www.facebook.com/media/set/?set=a.705662496257861&type=3
page_6,album_9,gallery/page_6/album_9,https://www.facebook.com/media/set/?set=a.695282673962510&type=3
page_6,album_10,gallery/page_6/album_10,https://www.facebook.com/media/set/?set=a.695277230629721&type=3
page_6,album_11,gallery/page_6/album_11,https://www.facebook.com/media/set/?set=a.755047921319318&type=3
page_6,album_12,gallery/page_6/album_12,https://www.facebook.com/media/set/?set=a.881073962050046&type=3
page_6,album_13,gallery/page_6/album_13,https://www.facebook.com/media/set/?set=a.1390954074395363&type=3
page_6,album_14,gallery/page_6/album_14,https://www.facebook.com/media/set/?set=a.520581223508459&type=3
page_6,album_15,gallery/page_6/album_15,https://www.facebook.com/media/set/?set=a.1120868488070591&type=3
page_6,album_16,gallery/page_6/album_16,https://www.facebook.com/photo/?fbid=1088450563388186&set=a.520581223508459&__tn__=%3C
page_6,album_17,gallery/page_6/album_17,https://www.facebook.com/media/set/?set=a.695273387296772&type=3
page_6,album_18,gallery/page_6/album_18,https://www.facebook.com/media/set/?set=a.691062947717816&type=3
page_6,album_19,gallery/page_6/album_19,https://www.facebook.com/media/set/?set=a.1277968975693874&type=3
page_6,album_20,gallery/page_6/album_20,https://www.facebook.com/usjr.iecep/photos_albums
page_7,album_1,gallery/page_7/album_1,https://www.facebook.com/media/set/?set=a.477440057737976&type=3
page_7,album_2,gallery/page_7/album_2,https://www.facebook.com/media/set/?set=a.2142928632405405&type=3
page_7,album_3,gallery/page_7/album_3,https://www.facebook.com/media/set/?set=a.364001936964759&type=3
page_7,album_4,gallery/page_7/album_4,https://www.facebook.com/media/set/?set=a.138969849467970&type=3
page_7,album_5,gallery/page_7/album_5,https://www.facebook.com/media/set/?set=a.2107863405911928&type=3
page_7,album_6,gallery/page_7/album_6,https://www.facebook.com/media/set/?set=a.138948259470129&type=3
page_7,album_7,gallery/page_7/album_7,https://www.facebook.com/media/set/?set=a.404714362893516&type=3
page_7,album_8,gallery/page_7/album_8,https://www.facebook.com/media/set/?set=a.156813264350295&type=3
page_7,album_9,gallery/page_7/album_9,https://www.facebook.com/media/set/?set=a.429649132517069&type=3
page_7,album_10,gallery/page_7/album_10,https://www.facebook.com/media/set/?set=a.456982243117091&type=3
page_7,album_11,gallery/page_7/album_11,https://www.facebook.com/media/set/?set=a.2045916728773263&type=3
page_7,album_12,gallery/page_7/album_12,https://www.facebook.com/media/set/?set=a.370597046305248&type=3
page_7,album_13,gallery/page_7/album_13,https://www.facebook.com/photo/?fbid=1049107397237903&set=a.429649132517069&__tn__=%3C
page_7,album_14,gallery/page_7/album_14,https://www.facebook.com/media/set/?set=a.134989506532671&type=3
page_7,album_15,gallery/page_7/album_15,https://www.facebook.com/media/set/?set=a.151102571588031&type=3
page_7,album_16,gallery/page_7/album_16,https://www.facebook.com/media/set/?set=a.2613651531999777&type=3
page_7,album_17,gallery/page_7/album_17,https://www.facebook.com/media/set/?set=a.128621747169447&type=3
page_7,album_18,gallery/page_7/album_18,https://www.facebook.com/photo/?fbid=894888089326502&set=a.429649135850402
page_7,album_19,gallery/page_7/album_19,https://www.facebook.com/media/set/?set=a.994292720602341&type=3
page_7,album_20,gallery/page_7/album_20,https://www.facebook.com/media/set/?set=a.196772047021083&type=3
page_7,album_21,gallery/page_7/album_21,https://www.facebook.com/media/set/?set=a.429649135850402&type=3
page_7,album_22,gallery/page_7/album_22,https://www.facebook.com/media/set/?set=a.138967666134855&type=3
page_7,album_23,gallery/page_7/album_23,https://www.facebook.com/usjrcomes/photos_albums
page_8,album_1,gallery/page_8/album_1,https://www.facebook.com/media/set/?set=a.2082405748530451&type=3
page_8,album_2,gallery/page_8/album_2,https://www.facebook.com/media/set/?set=a.1504709689633396&type=3
page_8,album_3,gallery/page_8/album_3,https://www.facebook.com/media/set/?set=a.655414019955831&type=3
page_8,album_4,gallery/page_8/album_4,https://www.facebook.com/media/set/?set=a.446484227515479&type=3
page_8,album_5,gallery/page_8/album_5,https://www.facebook.com/media/set/?set=a.2149954125108946&type=3
page_8,album_6,gallery/page_8/album_6,https://www.facebook.com/media/set/?set=a.483386280491940&type=3
page_8,album_7,gallery/page_8/album_7,https://www.facebook.com/media/set/?set=a.1404583216312711&type=3
page_8,album_8,gallery/page_8/album_8,https://www.facebook.com/photo/?fbid=1418006687029890&set=a.446484220848813&__tn__=%3C
page_8,album_9,gallery/page_8/album_9,https://www.facebook.com/media/set/?set=a.1038951054935457&type=3
page_8,album_10,gallery/page_8/album_10,https://www.facebook.com/media/set/?set=a.1823896874381341&type=3
page_8,album_11,gallery/page_8/album_11,https://www.facebook.com/media/set/?set=a.967154422115121&type=3
page_8,album_12,gallery/page_8/album_12,https://www.facebook.com/media/set/?set=a.1200365048794056&type=3
page_8,album_13,gallery/page_8/album_13,https://www.facebook.com/media/set/?set=a.456549813175587&type=3
page_8,album_14,gallery/page_8/album_14,https://www.facebook.com/media/set/?set=a.2289516674486023&type=3
page_8,album_15,gallery/page_8/album_15,https://www.facebook.com/media/set/?set=a.1050142433816319&type=3
page_8,album_16,gallery/page_8/album_16,https://www.facebook.com/media/set/?set=a.1597173220387042&type=3
page_8,album_17,gallery/page_8/album_17,https://www.facebook.com/media/set/?set=a.1201949651968929&type=3
page_8,album_18,gallery/page_8/album_18,https://www.facebook.com/media/set/?set=a.1045174317646464&type=3
page_8,album_19,gallery/page_8/album_19,https://www.facebook.com/media/set/?set=a.918587650305132&type=3
page_8,album_20,gallery/page_8/album_20,https://www.facebook.com/media/set/?set=a.1464656283638737&type=3
page_8,album_21,gallery/page_8/album_21,https://www.facebook.com/media/set/?set=a.1118548730309022&type=3
page_8,album_22,gallery/page_8/album_22,https://www.facebook.com/media/set/?set=a.1062818512548711&type=3
page_8,album_23,gallery/page_8/album_23,https://www.facebook.com/media/set/?set=a.4069435559827450&type=3
page_8,album_24,gallery/page_8/album_24,https://www.facebook.com/media/set/?set=a.446484220848813&type=3
page_8,album_25,gallery/page_8/album_25,https://www.facebook.com/media/set/?set=a.1429527687151597&type=3
page_8,album_26,gallery/page_8/album_26,https://www.facebook.com/media/set/?set=a.1823983684372660&type=3
page_8,album_27,gallery/page_8/album_27,https://www.facebook.com/media/set/?set=a.967185035445393&type=3
page_8,album_28,gallery/page_8/album_28,https://www.facebook.com/media/set/?set=a.920756606754903&type=3
page_8,album_29,gallery/page_8/album_29,https://www.facebook.com/media/set/?set=a.1404789196292113&type=3
page_8,album_30,gallery/page_8/album_30,https://www.facebook.com/media/set/?set=a.1760453880725641&type=3
page_8,album_31,gallery/page_8/album_31,https://www.facebook.com/media/set/?set=a.1417191805051852&type=3
page_8,album_32,gallery/page_8/album_32,https://www.facebook.com/media/set/?set=a.1199622588868302&type=3
page_8,album_33,gallery/page_8/album_33,https://www.facebook.com/media/set/?set=a.588544066642827&type=3
page_8,album_34,gallery/page_8/album_34,https://www.facebook.com/media/set/?set=a.1698794680224895&type=3
page_8,album_35,gallery/page_8/album_35,https://www.facebook.com/media/set/?set=a.2107804182657274&type=3
page_8,album_36,gallery/page_8/album_36,https://www.facebook.com/media/set/?set=a.1494121357358896&type=3
page_8,album_37,gallery/page_8/album_37,https://www.facebook.com/media/set/?set=a.934808442016386&type=3
page_8,album_38,gallery/page_8/album_38,https://www.facebook.com/media/set/?set=a.1475145212589844&type=3
page_8,album_39,gallery/page_8/album_39,https://www.facebook.com/media/set/?set=a.515065570657344&type=3
page_8,album_40,gallery/page_8/album_40,https://www.facebook.com/media/set/?set=a.1339556052815428&type=3
page_8,album_41,gallery/page_8/album_41,https://www.facebook.com/media/set/?set=a.1227023569461537&type=3
page_8,album_42,gallery/page_8/album_42,https://www.facebook.com/media/set/?set=a.934801058683791&type=3
page_8,album_43,gallery/page_8/album_43,https://www.facebook.com/media/set/?set=a.2472372539533768&type=3
page_8,album_44,gallery/page_8/album_44,https://www.facebook.com/media/set/?set=a.2082412868529739&type=3
page_8,album_45,gallery/page_8/album_45,https://www.facebook.com/media/set/?set=a.988399723323924&type=3
page_8,album_46,gallery/page_8/album_46,https://www.facebook.com/media/set/?set=a.1553822554722109&type=3
page_8,album_47,gallery/page_8/album_47,https://www.facebook.com/photo/?fbid=1418009937029565&set=a.446484227515479
page_8,album_48,gallery/page_8/album_48,https://www.facebook.com/media/set/?set=a.1388075917963441&type=3
page_8,album_49,gallery/page_8/album_49,https://www.facebook.com/media/set/?set=a.1340722769365423&type=3
page_8,album_50,gallery/page_8/album_50,https://www.facebook.com/media/set/?set=a.2082384228532603&type=3
page_8,album_51,gallery/page_8/album_51,https://www.facebook.com/usjrIEJOINTS/photos_albums
page_9,album_1,gallery/page_9/album_1,https://www.facebook.com/media/set/?set=a.122096155046976700&type=3
page_9,album_2,gallery/page_9/album_2,https://www.facebook.com/photo/?fbid=122096171552976700&set=a.122096168984976700
page_9,album_3,gallery/page_9/album_3,https://www.facebook.com/photo/?fbid=122096168948976700&set=a.122096155046976700&__tn__=%3C
page_9,album_4,gallery/page_9/album_4,https://www.facebook.com/media/set/?set=a.122096168984976700&type=3
page_9,album_5,gallery/page_9/album_5,https://www.facebook.com/profile.php?id=61579301007838&sk=photos_albums
